{"cameraMode":{"drawMode":0,"name":"Shaded","section":"Shading Mode"},"sceneLighting":true,"audioPlay":false,"sceneViewState":{"m_AlwaysRefresh":false,"showFog":true,"showSkybox":true,"showFlares":true,"showImageEffects":true,"showParticleSystems":true,"showVisualEffectGraphs":true,"m_FxEnabled":true},"in2DMode":false,"pivot":{"x":49.596351623535159,"y":7.7887749671936039,"z":137.9005889892578},"rotation":{"x":0.07936729490756989,"y":0.09675556421279907,"z":-0.007668949197977781,"w":0.9922627806663513},"size":3.065751552581787,"orthographic":false}