{"cameraMode":{"drawMode":0,"name":"Shaded","section":"Shading Mode"},"sceneLighting":false,"audioPlay":false,"sceneViewState":{"m_AlwaysRefresh":false,"showFog":true,"showSkybox":false,"showFlares":true,"showImageEffects":true,"showParticleSystems":true,"showVisualEffectGraphs":true,"m_FxEnabled":true},"in2DMode":false,"pivot":{"x":6.256747722625732,"y":13.221936225891114,"z":78.16834259033203},"rotation":{"x":0.08081567287445069,"y":0.8874000310897827,"z":-0.16996939480304719,"w":0.42111891508102419},"size":0.7542941570281982,"orthographic":false}